{"0": "arg_list -> [expr, \",\", arg_list]", "1": "arg_list -> [expr]", "2": "arg_list_or_star -> [\"*\"]", "3": "arg_list_or_star -> [\"1\"]", "4": "arg_list_or_star -> [arg_list]", "5": "binaryop -> [\"*\"]", "6": "binaryop -> [\"+\"]", "7": "binaryop -> [\"-\"]", "8": "binaryop -> [\"/\"]", "9": "binaryop -> [\"<\"]", "10": "binaryop -> [\"<=\"]", "11": "binaryop -> [\"<>\"]", "12": "binaryop -> [\"=\"]", "13": "binaryop -> [\">\"]", "14": "binaryop -> [\">=\"]", "15": "binaryop -> [\"LIKE\"]", "16": "boolean -> [\"false\"]", "17": "boolean -> [\"true\"]", "18": "col_alias -> [\"DERIVED_FIELDalias0\"]", "19": "col_alias -> [\"DERIVED_FIELDalias1\"]", "20": "col_alias -> [\"DERIVED_FIELDalias2\"]", "21": "col_alias -> [\"DERIVED_FIELDalias3\"]", "22": "col_alias -> [\"DERIVED_FIELDalias4\"]", "23": "col_alias -> [\"DERIVED_FIELDalias5\"]", "24": "col_alias -> [\"DERIVED_FIELDalias6\"]", "25": "col_ref -> [\"AUTHORalias0.AUTHORID\"]", "26": "col_ref -> [\"AUTHORalias0.AUTHORNAME\"]", "27": "col_ref -> [\"AUTHORalias1.AUTHORID\"]", "28": "col_ref -> [\"AUTHORalias1.AUTHORNAME\"]", "29": "col_ref -> [\"AUTHORalias2.AUTHORID\"]", "30": "col_ref -> [\"AUTHORalias2.AUTHORNAME\"]", "31": "col_ref -> [\"AUTHORalias3.AUTHORID\"]", "32": "col_ref -> [\"AUTHORalias3.AUTHORNAME\"]", "33": "col_ref -> [\"AUTHORalias4.AUTHORID\"]", "34": "col_ref -> [\"AUTHORalias4.AUTHORNAME\"]", "35": "col_ref -> [\"AUTHORalias5.AUTHORID\"]", "36": "col_ref -> [\"AUTHORalias5.AUTHORNAME\"]", "37": "col_ref -> [\"AUTHORalias6.AUTHORID\"]", "38": "col_ref -> [\"AUTHORalias6.AUTHORNAME\"]", "39": "col_ref -> [\"AUTHORalias7.AUTHORID\"]", "40": "col_ref -> [\"AUTHORalias7.AUTHORNAME\"]", "41": "col_ref -> [\"AUTHORalias8.AUTHORID\"]", "42": "col_ref -> [\"AUTHORalias8.AUTHORNAME\"]", "43": "col_ref -> [\"AUTHORalias9.AUTHORID\"]", "44": "col_ref -> [\"AUTHORalias9.AUTHORNAME\"]", "45": "col_ref -> [\"CITEalias0.CITEDPAPERID\"]", "46": "col_ref -> [\"CITEalias0.CITINGPAPERID\"]", "47": "col_ref -> [\"CITEalias1.CITEDPAPERID\"]", "48": "col_ref -> [\"CITEalias1.CITINGPAPERID\"]", "49": "col_ref -> [\"CITEalias2.CITEDPAPERID\"]", "50": "col_ref -> [\"CITEalias2.CITINGPAPERID\"]", "51": "col_ref -> [\"CITEalias3.CITEDPAPERID\"]", "52": "col_ref -> [\"CITEalias3.CITINGPAPERID\"]", "53": "col_ref -> [\"CITEalias4.CITEDPAPERID\"]", "54": "col_ref -> [\"CITEalias4.CITINGPAPERID\"]", "55": "col_ref -> [\"CITEalias5.CITEDPAPERID\"]", "56": "col_ref -> [\"CITEalias5.CITINGPAPERID\"]", "57": "col_ref -> [\"CITEalias6.CITEDPAPERID\"]", "58": "col_ref -> [\"CITEalias6.CITINGPAPERID\"]", "59": "col_ref -> [\"CITEalias7.CITEDPAPERID\"]", "60": "col_ref -> [\"CITEalias7.CITINGPAPERID\"]", "61": "col_ref -> [\"CITEalias8.CITEDPAPERID\"]", "62": "col_ref -> [\"CITEalias8.CITINGPAPERID\"]", "63": "col_ref -> [\"CITEalias9.CITEDPAPERID\"]", "64": "col_ref -> [\"CITEalias9.CITINGPAPERID\"]", "65": "col_ref -> [\"DATASETalias0.DATASETID\"]", "66": "col_ref -> [\"DATASETalias0.DATASETNAME\"]", "67": "col_ref -> [\"DATASETalias1.DATASETID\"]", "68": "col_ref -> [\"DATASETalias1.DATASETNAME\"]", "69": "col_ref -> [\"DATASETalias2.DATASETID\"]", "70": "col_ref -> [\"DATASETalias2.DATASETNAME\"]", "71": "col_ref -> [\"DATASETalias3.DATASETID\"]", "72": "col_ref -> [\"DATASETalias3.DATASETNAME\"]", "73": "col_ref -> [\"DATASETalias4.DATASETID\"]", "74": "col_ref -> [\"DATASETalias4.DATASETNAME\"]", "75": "col_ref -> [\"DATASETalias5.DATASETID\"]", "76": "col_ref -> [\"DATASETalias5.DATASETNAME\"]", "77": "col_ref -> [\"DATASETalias6.DATASETID\"]", "78": "col_ref -> [\"DATASETalias6.DATASETNAME\"]", "79": "col_ref -> [\"DATASETalias7.DATASETID\"]", "80": "col_ref -> [\"DATASETalias7.DATASETNAME\"]", "81": "col_ref -> [\"DATASETalias8.DATASETID\"]", "82": "col_ref -> [\"DATASETalias8.DATASETNAME\"]", "83": "col_ref -> [\"DATASETalias9.DATASETID\"]", "84": "col_ref -> [\"DATASETalias9.DATASETNAME\"]", "85": "col_ref -> [\"FIELDalias0.FIELDID\"]", "86": "col_ref -> [\"FIELDalias1.FIELDID\"]", "87": "col_ref -> [\"FIELDalias2.FIELDID\"]", "88": "col_ref -> [\"FIELDalias3.FIELDID\"]", "89": "col_ref -> [\"FIELDalias4.FIELDID\"]", "90": "col_ref -> [\"FIELDalias5.FIELDID\"]", "91": "col_ref -> [\"FIELDalias6.FIELDID\"]", "92": "col_ref -> [\"FIELDalias7.FIELDID\"]", "93": "col_ref -> [\"FIELDalias8.FIELDID\"]", "94": "col_ref -> [\"FIELDalias9.FIELDID\"]", "95": "col_ref -> [\"JOURNALalias0.JOURNALID\"]", "96": "col_ref -> [\"JOURNALalias0.JOURNALNAME\"]", "97": "col_ref -> [\"JOURNALalias1.JOURNALID\"]", "98": "col_ref -> [\"JOURNALalias1.JOURNALNAME\"]", "99": "col_ref -> [\"JOURNALalias2.JOURNALID\"]", "100": "col_ref -> [\"JOURNALalias2.JOURNALNAME\"]", "101": "col_ref -> [\"JOURNALalias3.JOURNALID\"]", "102": "col_ref -> [\"JOURNALalias3.JOURNALNAME\"]", "103": "col_ref -> [\"JOURNALalias4.JOURNALID\"]", "104": "col_ref -> [\"JOURNALalias4.JOURNALNAME\"]", "105": "col_ref -> [\"JOURNALalias5.JOURNALID\"]", "106": "col_ref -> [\"JOURNALalias5.JOURNALNAME\"]", "107": "col_ref -> [\"JOURNALalias6.JOURNALID\"]", "108": "col_ref -> [\"JOURNALalias6.JOURNALNAME\"]", "109": "col_ref -> [\"JOURNALalias7.JOURNALID\"]", "110": "col_ref -> [\"JOURNALalias7.JOURNALNAME\"]", "111": "col_ref -> [\"JOURNALalias8.JOURNALID\"]", "112": "col_ref -> [\"JOURNALalias8.JOURNALNAME\"]", "113": "col_ref -> [\"JOURNALalias9.JOURNALID\"]", "114": "col_ref -> [\"JOURNALalias9.JOURNALNAME\"]", "115": "col_ref -> [\"KEYPHRASEalias0.KEYPHRASEID\"]", "116": "col_ref -> [\"KEYPHRASEalias0.KEYPHRASENAME\"]", "117": "col_ref -> [\"KEYPHRASEalias1.KEYPHRASEID\"]", "118": "col_ref -> [\"KEYPHRASEalias1.KEYPHRASENAME\"]", "119": "col_ref -> [\"KEYPHRASEalias2.KEYPHRASEID\"]", "120": "col_ref -> [\"KEYPHRASEalias2.KEYPHRASENAME\"]", "121": "col_ref -> [\"KEYPHRASEalias3.KEYPHRASEID\"]", "122": "col_ref -> [\"KEYPHRASEalias3.KEYPHRASENAME\"]", "123": "col_ref -> [\"KEYPHRASEalias4.KEYPHRASEID\"]", "124": "col_ref -> [\"KEYPHRASEalias4.KEYPHRASENAME\"]", "125": "col_ref -> [\"KEYPHRASEalias5.KEYPHRASEID\"]", "126": "col_ref -> [\"KEYPHRASEalias5.KEYPHRASENAME\"]", "127": "col_ref -> [\"KEYPHRASEalias6.KEYPHRASEID\"]", "128": "col_ref -> [\"KEYPHRASEalias6.KEYPHRASENAME\"]", "129": "col_ref -> [\"KEYPHRASEalias7.KEYPHRASEID\"]", "130": "col_ref -> [\"KEYPHRASEalias7.KEYPHRASENAME\"]", "131": "col_ref -> [\"KEYPHRASEalias8.KEYPHRASEID\"]", "132": "col_ref -> [\"KEYPHRASEalias8.KEYPHRASENAME\"]", "133": "col_ref -> [\"KEYPHRASEalias9.KEYPHRASEID\"]", "134": "col_ref -> [\"KEYPHRASEalias9.KEYPHRASENAME\"]", "135": "col_ref -> [\"PAPERDATASETalias0.DATASETID\"]", "136": "col_ref -> [\"PAPERDATASETalias0.PAPERID\"]", "137": "col_ref -> [\"PAPERDATASETalias1.DATASETID\"]", "138": "col_ref -> [\"PAPERDATASETalias1.PAPERID\"]", "139": "col_ref -> [\"PAPERDATASETalias2.DATASETID\"]", "140": "col_ref -> [\"PAPERDATASETalias2.PAPERID\"]", "141": "col_ref -> [\"PAPERDATASETalias3.DATASETID\"]", "142": "col_ref -> [\"PAPERDATASETalias3.PAPERID\"]", "143": "col_ref -> [\"PAPERDATASETalias4.DATASETID\"]", "144": "col_ref -> [\"PAPERDATASETalias4.PAPERID\"]", "145": "col_ref -> [\"PAPERDATASETalias5.DATASETID\"]", "146": "col_ref -> [\"PAPERDATASETalias5.PAPERID\"]", "147": "col_ref -> [\"PAPERDATASETalias6.DATASETID\"]", "148": "col_ref -> [\"PAPERDATASETalias6.PAPERID\"]", "149": "col_ref -> [\"PAPERDATASETalias7.DATASETID\"]", "150": "col_ref -> [\"PAPERDATASETalias7.PAPERID\"]", "151": "col_ref -> [\"PAPERDATASETalias8.DATASETID\"]", "152": "col_ref -> [\"PAPERDATASETalias8.PAPERID\"]", "153": "col_ref -> [\"PAPERDATASETalias9.DATASETID\"]", "154": "col_ref -> [\"PAPERDATASETalias9.PAPERID\"]", "155": "col_ref -> [\"PAPERFIELDalias0.FIELDID\"]", "156": "col_ref -> [\"PAPERFIELDalias0.PAPERID\"]", "157": "col_ref -> [\"PAPERFIELDalias1.FIELDID\"]", "158": "col_ref -> [\"PAPERFIELDalias1.PAPERID\"]", "159": "col_ref -> [\"PAPERFIELDalias2.FIELDID\"]", "160": "col_ref -> [\"PAPERFIELDalias2.PAPERID\"]", "161": "col_ref -> [\"PAPERFIELDalias3.FIELDID\"]", "162": "col_ref -> [\"PAPERFIELDalias3.PAPERID\"]", "163": "col_ref -> [\"PAPERFIELDalias4.FIELDID\"]", "164": "col_ref -> [\"PAPERFIELDalias4.PAPERID\"]", "165": "col_ref -> [\"PAPERFIELDalias5.FIELDID\"]", "166": "col_ref -> [\"PAPERFIELDalias5.PAPERID\"]", "167": "col_ref -> [\"PAPERFIELDalias6.FIELDID\"]", "168": "col_ref -> [\"PAPERFIELDalias6.PAPERID\"]", "169": "col_ref -> [\"PAPERFIELDalias7.FIELDID\"]", "170": "col_ref -> [\"PAPERFIELDalias7.PAPERID\"]", "171": "col_ref -> [\"PAPERFIELDalias8.FIELDID\"]", "172": "col_ref -> [\"PAPERFIELDalias8.PAPERID\"]", "173": "col_ref -> [\"PAPERFIELDalias9.FIELDID\"]", "174": "col_ref -> [\"PAPERFIELDalias9.PAPERID\"]", "175": "col_ref -> [\"PAPERKEYPHRASEalias0.KEYPHRASEID\"]", "176": "col_ref -> [\"PAPERKEYPHRASEalias0.PAPERID\"]", "177": "col_ref -> [\"PAPERKEYPHRASEalias1.KEYPHRASEID\"]", "178": "col_ref -> [\"PAPERKEYPHRASEalias1.PAPERID\"]", "179": "col_ref -> [\"PAPERKEYPHRASEalias2.KEYPHRASEID\"]", "180": "col_ref -> [\"PAPERKEYPHRASEalias2.PAPERID\"]", "181": "col_ref -> [\"PAPERKEYPHRASEalias3.KEYPHRASEID\"]", "182": "col_ref -> [\"PAPERKEYPHRASEalias3.PAPERID\"]", "183": "col_ref -> [\"PAPERKEYPHRASEalias4.KEYPHRASEID\"]", "184": "col_ref -> [\"PAPERKEYPHRASEalias4.PAPERID\"]", "185": "col_ref -> [\"PAPERKEYPHRASEalias5.KEYPHRASEID\"]", "186": "col_ref -> [\"PAPERKEYPHRASEalias5.PAPERID\"]", "187": "col_ref -> [\"PAPERKEYPHRASEalias6.KEYPHRASEID\"]", "188": "col_ref -> [\"PAPERKEYPHRASEalias6.PAPERID\"]", "189": "col_ref -> [\"PAPERKEYPHRASEalias7.KEYPHRASEID\"]", "190": "col_ref -> [\"PAPERKEYPHRASEalias7.PAPERID\"]", "191": "col_ref -> [\"PAPERKEYPHRASEalias8.KEYPHRASEID\"]", "192": "col_ref -> [\"PAPERKEYPHRASEalias8.PAPERID\"]", "193": "col_ref -> [\"PAPERKEYPHRASEalias9.KEYPHRASEID\"]", "194": "col_ref -> [\"PAPERKEYPHRASEalias9.PAPERID\"]", "195": "col_ref -> [\"PAPERalias0.JOURNALID\"]", "196": "col_ref -> [\"PAPERalias0.NUMCITEDBY\"]", "197": "col_ref -> [\"PAPERalias0.NUMCITING\"]", "198": "col_ref -> [\"PAPERalias0.PAPERID\"]", "199": "col_ref -> [\"PAPERalias0.TITLE\"]", "200": "col_ref -> [\"PAPERalias0.VENUEID\"]", "201": "col_ref -> [\"PAPERalias0.YEAR\"]", "202": "col_ref -> [\"PAPERalias1.JOURNALID\"]", "203": "col_ref -> [\"PAPERalias1.NUMCITEDBY\"]", "204": "col_ref -> [\"PAPERalias1.NUMCITING\"]", "205": "col_ref -> [\"PAPERalias1.PAPERID\"]", "206": "col_ref -> [\"PAPERalias1.TITLE\"]", "207": "col_ref -> [\"PAPERalias1.VENUEID\"]", "208": "col_ref -> [\"PAPERalias1.YEAR\"]", "209": "col_ref -> [\"PAPERalias2.JOURNALID\"]", "210": "col_ref -> [\"PAPERalias2.NUMCITEDBY\"]", "211": "col_ref -> [\"PAPERalias2.NUMCITING\"]", "212": "col_ref -> [\"PAPERalias2.PAPERID\"]", "213": "col_ref -> [\"PAPERalias2.TITLE\"]", "214": "col_ref -> [\"PAPERalias2.VENUEID\"]", "215": "col_ref -> [\"PAPERalias2.YEAR\"]", "216": "col_ref -> [\"PAPERalias3.JOURNALID\"]", "217": "col_ref -> [\"PAPERalias3.NUMCITEDBY\"]", "218": "col_ref -> [\"PAPERalias3.NUMCITING\"]", "219": "col_ref -> [\"PAPERalias3.PAPERID\"]", "220": "col_ref -> [\"PAPERalias3.TITLE\"]", "221": "col_ref -> [\"PAPERalias3.VENUEID\"]", "222": "col_ref -> [\"PAPERalias3.YEAR\"]", "223": "col_ref -> [\"PAPERalias4.JOURNALID\"]", "224": "col_ref -> [\"PAPERalias4.NUMCITEDBY\"]", "225": "col_ref -> [\"PAPERalias4.NUMCITING\"]", "226": "col_ref -> [\"PAPERalias4.PAPERID\"]", "227": "col_ref -> [\"PAPERalias4.TITLE\"]", "228": "col_ref -> [\"PAPERalias4.VENUEID\"]", "229": "col_ref -> [\"PAPERalias4.YEAR\"]", "230": "col_ref -> [\"PAPERalias5.JOURNALID\"]", "231": "col_ref -> [\"PAPERalias5.NUMCITEDBY\"]", "232": "col_ref -> [\"PAPERalias5.NUMCITING\"]", "233": "col_ref -> [\"PAPERalias5.PAPERID\"]", "234": "col_ref -> [\"PAPERalias5.TITLE\"]", "235": "col_ref -> [\"PAPERalias5.VENUEID\"]", "236": "col_ref -> [\"PAPERalias5.YEAR\"]", "237": "col_ref -> [\"PAPERalias6.JOURNALID\"]", "238": "col_ref -> [\"PAPERalias6.NUMCITEDBY\"]", "239": "col_ref -> [\"PAPERalias6.NUMCITING\"]", "240": "col_ref -> [\"PAPERalias6.PAPERID\"]", "241": "col_ref -> [\"PAPERalias6.TITLE\"]", "242": "col_ref -> [\"PAPERalias6.VENUEID\"]", "243": "col_ref -> [\"PAPERalias6.YEAR\"]", "244": "col_ref -> [\"PAPERalias7.JOURNALID\"]", "245": "col_ref -> [\"PAPERalias7.NUMCITEDBY\"]", "246": "col_ref -> [\"PAPERalias7.NUMCITING\"]", "247": "col_ref -> [\"PAPERalias7.PAPERID\"]", "248": "col_ref -> [\"PAPERalias7.TITLE\"]", "249": "col_ref -> [\"PAPERalias7.VENUEID\"]", "250": "col_ref -> [\"PAPERalias7.YEAR\"]", "251": "col_ref -> [\"PAPERalias8.JOURNALID\"]", "252": "col_ref -> [\"PAPERalias8.NUMCITEDBY\"]", "253": "col_ref -> [\"PAPERalias8.NUMCITING\"]", "254": "col_ref -> [\"PAPERalias8.PAPERID\"]", "255": "col_ref -> [\"PAPERalias8.TITLE\"]", "256": "col_ref -> [\"PAPERalias8.VENUEID\"]", "257": "col_ref -> [\"PAPERalias8.YEAR\"]", "258": "col_ref -> [\"PAPERalias9.JOURNALID\"]", "259": "col_ref -> [\"PAPERalias9.NUMCITEDBY\"]", "260": "col_ref -> [\"PAPERalias9.NUMCITING\"]", "261": "col_ref -> [\"PAPERalias9.PAPERID\"]", "262": "col_ref -> [\"PAPERalias9.TITLE\"]", "263": "col_ref -> [\"PAPERalias9.VENUEID\"]", "264": "col_ref -> [\"PAPERalias9.YEAR\"]", "265": "col_ref -> [\"VENUEalias0.VENUEID\"]", "266": "col_ref -> [\"VENUEalias0.VENUENAME\"]", "267": "col_ref -> [\"VENUEalias1.VENUEID\"]", "268": "col_ref -> [\"VENUEalias1.VENUENAME\"]", "269": "col_ref -> [\"VENUEalias2.VENUEID\"]", "270": "col_ref -> [\"VENUEalias2.VENUENAME\"]", "271": "col_ref -> [\"VENUEalias3.VENUEID\"]", "272": "col_ref -> [\"VENUEalias3.VENUENAME\"]", "273": "col_ref -> [\"VENUEalias4.VENUEID\"]", "274": "col_ref -> [\"VENUEalias4.VENUENAME\"]", "275": "col_ref -> [\"VENUEalias5.VENUEID\"]", "276": "col_ref -> [\"VENUEalias5.VENUENAME\"]", "277": "col_ref -> [\"VENUEalias6.VENUEID\"]", "278": "col_ref -> [\"VENUEalias6.VENUENAME\"]", "279": "col_ref -> [\"VENUEalias7.VENUEID\"]", "280": "col_ref -> [\"VENUEalias7.VENUENAME\"]", "281": "col_ref -> [\"VENUEalias8.VENUEID\"]", "282": "col_ref -> [\"VENUEalias8.VENUENAME\"]", "283": "col_ref -> [\"VENUEalias9.VENUEID\"]", "284": "col_ref -> [\"VENUEalias9.VENUENAME\"]", "285": "col_ref -> [\"WRITESalias0.AUTHORID\"]", "286": "col_ref -> [\"WRITESalias0.PAPERID\"]", "287": "col_ref -> [\"WRITESalias1.AUTHORID\"]", "288": "col_ref -> [\"WRITESalias1.PAPERID\"]", "289": "col_ref -> [\"WRITESalias2.AUTHORID\"]", "290": "col_ref -> [\"WRITESalias2.PAPERID\"]", "291": "col_ref -> [\"WRITESalias3.AUTHORID\"]", "292": "col_ref -> [\"WRITESalias3.PAPERID\"]", "293": "col_ref -> [\"WRITESalias4.AUTHORID\"]", "294": "col_ref -> [\"WRITESalias4.PAPERID\"]", "295": "col_ref -> [\"WRITESalias5.AUTHORID\"]", "296": "col_ref -> [\"WRITESalias5.PAPERID\"]", "297": "col_ref -> [\"WRITESalias6.AUTHORID\"]", "298": "col_ref -> [\"WRITESalias6.PAPERID\"]", "299": "col_ref -> [\"WRITESalias7.AUTHORID\"]", "300": "col_ref -> [\"WRITESalias7.PAPERID\"]", "301": "col_ref -> [\"WRITESalias8.AUTHORID\"]", "302": "col_ref -> [\"WRITESalias8.PAPERID\"]", "303": "col_ref -> [\"WRITESalias9.AUTHORID\"]", "304": "col_ref -> [\"WRITESalias9.PAPERID\"]", "305": "col_ref -> [subq_alias, \".\", col_alias]", "306": "col_ref -> [subq_alias, \".\", column_name]", "307": "col_ref -> [table_name, \".\", col_alias]", "308": "column_name -> [\"AUTHORID\"]", "309": "column_name -> [\"AUTHORNAME\"]", "310": "column_name -> [\"CITEDPAPERID\"]", "311": "column_name -> [\"CITINGPAPERID\"]", "312": "column_name -> [\"DATASETID\"]", "313": "column_name -> [\"DATASETNAME\"]", "314": "column_name -> [\"FIELDID\"]", "315": "column_name -> [\"JOURNALID\"]", "316": "column_name -> [\"JOURNALNAME\"]", "317": "column_name -> [\"KEYPHRASEID\"]", "318": "column_name -> [\"KEYPHRASENAME\"]", "319": "column_name -> [\"NUMCITEDBY\"]", "320": "column_name -> [\"NUMCITING\"]", "321": "column_name -> [\"PAPERID\"]", "322": "column_name -> [\"TITLE\"]", "323": "column_name -> [\"VENUEID\"]", "324": "column_name -> [\"VENUENAME\"]", "325": "column_name -> [\"YEAR\"]", "326": "expr -> [col_ref, \"IS\", \"NOT\", \"NULL\"]", "327": "expr -> [col_ref, \"IS\", \"NULL\"]", "328": "expr -> [in_expr]", "329": "expr -> [source_subq]", "330": "expr -> [unaryop, expr]", "331": "expr -> [value, \"BETWEEN\", value, \"AND\", value]", "332": "expr -> [value, \"LIKE\", value]", "333": "expr -> [value, \"NOT\", \"BETWEEN\", value, \"AND\", value]", "334": "expr -> [value, \"NOT\", \"LIKE\", value]", "335": "expr -> [value, binaryop, expr]", "336": "expr -> [value]", "337": "fname -> [\"ALL\"]", "338": "fname -> [\"AVG\"]", "339": "fname -> [\"COUNT\"]", "340": "fname -> [\"MAX\"]", "341": "fname -> [\"MIN\"]", "342": "fname -> [\"SUM\"]", "343": "from_clause -> [\"FROM\", source]", "344": "function -> [\"YEAR ( CURDATE ( ))\"]", "345": "function -> [\"YEAR(CURDATE())\"]", "346": "function -> [fname, \"(\", \"DISTINCT\", arg_list_or_star, \")\"]", "347": "function -> [fname, \"(\", arg_list_or_star, \")\"]", "348": "group_clause -> [expr, \",\", group_clause]", "349": "group_clause -> [expr]", "350": "groupby_clause -> [\"GROUP\", \"BY\", group_clause, \"HAVING\", expr]", "351": "groupby_clause -> [\"GROUP\", \"BY\", group_clause]", "352": "in_expr -> [value, \"IN\", expr]", "353": "in_expr -> [value, \"IN\", string_set]", "354": "in_expr -> [value, \"NOT\", \"IN\", expr]", "355": "in_expr -> [value, \"NOT\", \"IN\", string_set]", "356": "limit -> [\"LIMIT\", non_literal_number]", "357": "limit -> [\"LIMIT\", value]", "358": "non_literal_number -> [\"1\"]", "359": "non_literal_number -> [\"2\"]", "360": "non_literal_number -> [\"3\"]", "361": "non_literal_number -> [\"4\"]", "362": "order_clause -> [ordering_term, \",\", order_clause]", "363": "order_clause -> [ordering_term]", "364": "orderby_clause -> [\"ORDER\", \"BY\", order_clause]", "365": "ordering -> [\"ASC\"]", "366": "ordering -> [\"DESC\"]", "367": "ordering_term -> [col_alias, ordering]", "368": "ordering_term -> [expr, ordering]", "369": "ordering_term -> [expr]", "370": "parenval -> [\"(\", expr, \")\"]", "371": "query -> [select_core, groupby_clause, limit]", "372": "query -> [select_core, groupby_clause, orderby_clause, limit]", "373": "query -> [select_core, groupby_clause, orderby_clause]", "374": "query -> [select_core, groupby_clause]", "375": "query -> [select_core, orderby_clause, limit]", "376": "query -> [select_core, orderby_clause]", "377": "query -> [select_core]", "378": "select_core -> [select_with_distinct, select_results, from_clause, \"WHERE\", where_clause]", "379": "select_core -> [select_with_distinct, select_results, from_clause]", "380": "select_result -> [\"*\"]", "381": "select_result -> [col_ref, \"AS\", col_alias]", "382": "select_result -> [col_ref]", "383": "select_result -> [function, \"AS\", col_alias]", "384": "select_result -> [function]", "385": "select_result -> [table_name, \". *\"]", "386": "select_result -> [table_name, \".*\"]", "387": "select_results -> [select_result, \",\", select_results]", "388": "select_results -> [select_result]", "389": "select_with_distinct -> [\"SELECT\", \"DISTINCT\"]", "390": "select_with_distinct -> [\"SELECT\"]", "391": "single_source -> [source_subq]", "392": "single_source -> [source_table]", "393": "source -> [single_source, \",\", source]", "394": "source -> [single_source]", "395": "source_subq -> [\"(\", query, \")\", \"AS\", subq_alias]", "396": "source_subq -> [\"(\", query, \")\"]", "397": "source_table -> [\"TABLE_PLACEHOLDER\", \"AS\", table_name]", "398": "statement -> [query, \";\"]", "399": "statement -> [query]", "400": "string_set -> [\"(\", string_set_vals, \")\"]", "401": "string_set_vals -> [value, \",\", string_set_vals]", "402": "string_set_vals -> [value]", "403": "subq_alias -> [\"DERIVED_TABLEalias0\"]", "404": "subq_alias -> [\"DERIVED_TABLEalias1\"]", "405": "subq_alias -> [\"DERIVED_TABLEalias2\"]", "406": "subq_alias -> [\"DERIVED_TABLEalias3\"]", "407": "subq_alias -> [\"DERIVED_TABLEalias4\"]", "408": "subq_alias -> [\"DERIVED_TABLEalias5\"]", "409": "subq_alias -> [\"DERIVED_TABLEalias6\"]", "410": "table_name -> [\"AUTHORalias0\"]", "411": "table_name -> [\"AUTHORalias1\"]", "412": "table_name -> [\"AUTHORalias2\"]", "413": "table_name -> [\"AUTHORalias3\"]", "414": "table_name -> [\"AUTHORalias4\"]", "415": "table_name -> [\"AUTHORalias5\"]", "416": "table_name -> [\"AUTHORalias6\"]", "417": "table_name -> [\"AUTHORalias7\"]", "418": "table_name -> [\"AUTHORalias8\"]", "419": "table_name -> [\"AUTHORalias9\"]", "420": "table_name -> [\"CITEalias0\"]", "421": "table_name -> [\"CITEalias1\"]", "422": "table_name -> [\"CITEalias2\"]", "423": "table_name -> [\"CITEalias3\"]", "424": "table_name -> [\"CITEalias4\"]", "425": "table_name -> [\"CITEalias5\"]", "426": "table_name -> [\"CITEalias6\"]", "427": "table_name -> [\"CITEalias7\"]", "428": "table_name -> [\"CITEalias8\"]", "429": "table_name -> [\"CITEalias9\"]", "430": "table_name -> [\"DATASETalias0\"]", "431": "table_name -> [\"DATASETalias1\"]", "432": "table_name -> [\"DATASETalias2\"]", "433": "table_name -> [\"DATASETalias3\"]", "434": "table_name -> [\"DATASETalias4\"]", "435": "table_name -> [\"DATASETalias5\"]", "436": "table_name -> [\"DATASETalias6\"]", "437": "table_name -> [\"DATASETalias7\"]", "438": "table_name -> [\"DATASETalias8\"]", "439": "table_name -> [\"DATASETalias9\"]", "440": "table_name -> [\"FIELDalias0\"]", "441": "table_name -> [\"FIELDalias1\"]", "442": "table_name -> [\"FIELDalias2\"]", "443": "table_name -> [\"FIELDalias3\"]", "444": "table_name -> [\"FIELDalias4\"]", "445": "table_name -> [\"FIELDalias5\"]", "446": "table_name -> [\"FIELDalias6\"]", "447": "table_name -> [\"FIELDalias7\"]", "448": "table_name -> [\"FIELDalias8\"]", "449": "table_name -> [\"FIELDalias9\"]", "450": "table_name -> [\"JOURNALalias0\"]", "451": "table_name -> [\"JOURNALalias1\"]", "452": "table_name -> [\"JOURNALalias2\"]", "453": "table_name -> [\"JOURNALalias3\"]", "454": "table_name -> [\"JOURNALalias4\"]", "455": "table_name -> [\"JOURNALalias5\"]", "456": "table_name -> [\"JOURNALalias6\"]", "457": "table_name -> [\"JOURNALalias7\"]", "458": "table_name -> [\"JOURNALalias8\"]", "459": "table_name -> [\"JOURNALalias9\"]", "460": "table_name -> [\"KEYPHRASEalias0\"]", "461": "table_name -> [\"KEYPHRASEalias1\"]", "462": "table_name -> [\"KEYPHRASEalias2\"]", "463": "table_name -> [\"KEYPHRASEalias3\"]", "464": "table_name -> [\"KEYPHRASEalias4\"]", "465": "table_name -> [\"KEYPHRASEalias5\"]", "466": "table_name -> [\"KEYPHRASEalias6\"]", "467": "table_name -> [\"KEYPHRASEalias7\"]", "468": "table_name -> [\"KEYPHRASEalias8\"]", "469": "table_name -> [\"KEYPHRASEalias9\"]", "470": "table_name -> [\"PAPERDATASETalias0\"]", "471": "table_name -> [\"PAPERDATASETalias1\"]", "472": "table_name -> [\"PAPERDATASETalias2\"]", "473": "table_name -> [\"PAPERDATASETalias3\"]", "474": "table_name -> [\"PAPERDATASETalias4\"]", "475": "table_name -> [\"PAPERDATASETalias5\"]", "476": "table_name -> [\"PAPERDATASETalias6\"]", "477": "table_name -> [\"PAPERDATASETalias7\"]", "478": "table_name -> [\"PAPERDATASETalias8\"]", "479": "table_name -> [\"PAPERDATASETalias9\"]", "480": "table_name -> [\"PAPERFIELDalias0\"]", "481": "table_name -> [\"PAPERFIELDalias1\"]", "482": "table_name -> [\"PAPERFIELDalias2\"]", "483": "table_name -> [\"PAPERFIELDalias3\"]", "484": "table_name -> [\"PAPERFIELDalias4\"]", "485": "table_name -> [\"PAPERFIELDalias5\"]", "486": "table_name -> [\"PAPERFIELDalias6\"]", "487": "table_name -> [\"PAPERFIELDalias7\"]", "488": "table_name -> [\"PAPERFIELDalias8\"]", "489": "table_name -> [\"PAPERFIELDalias9\"]", "490": "table_name -> [\"PAPERKEYPHRASEalias0\"]", "491": "table_name -> [\"PAPERKEYPHRASEalias1\"]", "492": "table_name -> [\"PAPERKEYPHRASEalias2\"]", "493": "table_name -> [\"PAPERKEYPHRASEalias3\"]", "494": "table_name -> [\"PAPERKEYPHRASEalias4\"]", "495": "table_name -> [\"PAPERKEYPHRASEalias5\"]", "496": "table_name -> [\"PAPERKEYPHRASEalias6\"]", "497": "table_name -> [\"PAPERKEYPHRASEalias7\"]", "498": "table_name -> [\"PAPERKEYPHRASEalias8\"]", "499": "table_name -> [\"PAPERKEYPHRASEalias9\"]", "500": "table_name -> [\"PAPERalias0\"]", "501": "table_name -> [\"PAPERalias1\"]", "502": "table_name -> [\"PAPERalias2\"]", "503": "table_name -> [\"PAPERalias3\"]", "504": "table_name -> [\"PAPERalias4\"]", "505": "table_name -> [\"PAPERalias5\"]", "506": "table_name -> [\"PAPERalias6\"]", "507": "table_name -> [\"PAPERalias7\"]", "508": "table_name -> [\"PAPERalias8\"]", "509": "table_name -> [\"PAPERalias9\"]", "510": "table_name -> [\"VENUEalias0\"]", "511": "table_name -> [\"VENUEalias1\"]", "512": "table_name -> [\"VENUEalias2\"]", "513": "table_name -> [\"VENUEalias3\"]", "514": "table_name -> [\"VENUEalias4\"]", "515": "table_name -> [\"VENUEalias5\"]", "516": "table_name -> [\"VENUEalias6\"]", "517": "table_name -> [\"VENUEalias7\"]", "518": "table_name -> [\"VENUEalias8\"]", "519": "table_name -> [\"VENUEalias9\"]", "520": "table_name -> [\"WRITESalias0\"]", "521": "table_name -> [\"WRITESalias1\"]", "522": "table_name -> [\"WRITESalias2\"]", "523": "table_name -> [\"WRITESalias3\"]", "524": "table_name -> [\"WRITESalias4\"]", "525": "table_name -> [\"WRITESalias5\"]", "526": "table_name -> [\"WRITESalias6\"]", "527": "table_name -> [\"WRITESalias7\"]", "528": "table_name -> [\"WRITESalias8\"]", "529": "table_name -> [\"WRITESalias9\"]", "530": "unaryop -> [\"+\"]", "531": "unaryop -> [\"-\"]", "532": "unaryop -> [\"NOT\"]", "533": "unaryop -> [\"not\"]", "534": "value -> [\"'authorname0'\"]", "535": "value -> [\"0\"]", "536": "value -> [\"1\"]", "537": "value -> [\"2\"]", "538": "value -> [\"YEAR ( CURDATE ( ))\"]", "539": "value -> [\"YEAR(CURDATE())\"]", "540": "value -> [\"authorname0\"]", "541": "value -> [boolean]", "542": "value -> [col_ref]", "543": "value -> [function]", "544": "value -> [parenval]", "545": "where_clause -> [\"(\", where_clause, \")\", where_conj]", "546": "where_clause -> [\"(\", where_clause, \")\", where_or]", "547": "where_clause -> [\"(\", where_clause, \")\"]", "548": "where_clause -> [expr, where_conj]", "549": "where_clause -> [expr, where_or]", "550": "where_clause -> [expr]", "551": "where_conj -> [\"AND\", where_clause]", "552": "where_or -> [\"OR\", where_clause]"}